Description,Price,Rating,Rating_count,Url
"Packard Bell AirFrame 21.5 Inch Ultra Slim Bezel Desktop Monitor, FHD IPS LED 1920 x 1080p, 75 Hertz, 5 Milliseconds, VESA Mounting, Tilt Adjustment, HDMI and VGA for Home and Office Use, 2 Pack",$189.99,3.9 out of 5 stars,11,https://www.amazon.com/gp/slredirect/picassoRedirect.html/ref=pa_sp_atf_aps_sr_pg1_1?ie=UTF8&adId=A00249862P88LSUIRVLR7&qualifier=1673875529&id=6549351466508216&widgetName=sp_atf&url=%2FPackard-Bell-AirFrame-Milliseconds-Adjustment%2Fdp%2FB0BDBXV7T4%2Fref%3Dsr_1_1_sspa%3Fkeywords%3Dultrawide%2Bmonitor%26qid%3D1673875529%26sr%3D8-1-spons%26psc%3D1%26smid%3DA13PX1UWNVW4JO
"LG 2023 Newest 29 Inch WFHD IPS Ultra Wide Monitor, Dual Speakers, 2560x1080, 99% sRGB, HDR10, FreeSync, 21 9, Wall Mountable, 75Hz Refresh Rate Bundle with JAWFOAL",$299.99,4.6 out of 5 stars,40,https://www.amazon.com/gp/slredirect/picassoRedirect.html/ref=pa_sp_atf_aps_sr_pg1_1?ie=UTF8&adId=A083737826KZ3N881O4TS&qualifier=1673875529&id=6549351466508216&widgetName=sp_atf&url=%2FLG-inch-UltraWide-FreeSync-Monitor%2Fdp%2FB08CL1JKJ2%2Fref%3Dsr_1_2_sspa%3Fkeywords%3Dultrawide%2Bmonitor%26qid%3D1673875529%26sr%3D8-2-spons%26psc%3D1
"SAMSUNG 34-Inch SJ55W Ultrawide Gaming Monitor (LS34J550WQNXZA) – 75Hz Refresh, WQHD Computer Monitor, 3440 x 1440p Resolution, 4ms Response, FreeSync, Split Screen, HDMI, Black",$290.00,4.4 out of 5 stars,"2,054",https://www.amazon.com/Samsung-S34J55W-34-Inch-Ultrawide-LS34J550WQNXZA/dp/B07FBS36W2/ref=sr_1_3?keywords=ultrawide+monitor&qid=1673875529&sr=8-3
"LG 34WP60C-B 34-Inch 21:9 Curved UltraWide QHD (3440x1440) VA Display with sRGB 99% Color Gamut and HDR 10, AMD FreeSync Premium and 3-Side Virtually Borderless Screen Curved QHD Tilt",$398.00,4.6 out of 5 stars,726,https://www.amazon.com/LG-34WP60C-B-34-Inch-UltraWide-Borderless/dp/B09XTNY742/ref=sr_1_4?keywords=ultrawide+monitor&qid=1673875529&sr=8-4
"LG UltraWide WFHD 29-Inch Computer Monitor 29WN600-W, IPS with HDR 10 Compatibility, Silver",$198.99,4.6 out of 5 stars,"3,454",https://www.amazon.com/LG-29WN600-W-29-21-UltraWide/dp/B0876DBCBX/ref=sr_1_5?keywords=ultrawide+monitor&qid=1673875529&sr=8-5
"LG 29WP60G-B UltraWide Monitor 29"" 21:9 FHD (2560 x 1080) IPS Display, sRGB 99% Color Gamut, HDR 10, USB Type-C Connectivity, 3-Side Virtually Borderless Display - Black",$199.99,4.5 out of 5 stars,935,https://www.amazon.com/LG-29WP60G-B-Inch-Connectivity-Borderless/dp/B08V86LGBS/ref=sr_1_6?keywords=ultrawide+monitor&qid=1673875529&sr=8-6
"Z-Edge 30-inch Curved Gaming Monitor, 200Hz Refresh Rate, 21:9 2560x1080 Ultra Wide, Curved Monitor, R1500 Curvature, MPRT 1ms FPS-RTS",$249.99,4.4 out of 5 stars,174,https://www.amazon.com/gp/slredirect/picassoRedirect.html/ref=pa_sp_mtf_aps_sr_pg1_1?ie=UTF8&adId=A09549565R1376QPXVBG&qualifier=1673875529&id=6549351466508216&widgetName=sp_mtf&url=%2FZ-Edge-30-inch-Curved-Gaming-Monitor%2Fdp%2FB08H5K5QYX%2Fref%3Dsr_1_7_sspa%3Fkeywords%3Dultrawide%2Bmonitor%26qid%3D1673875529%26sr%3D8-7-spons%26psc%3D1
"GIGABYTE G34WQC A 34"" 144Hz Ultra-Wide Curved Gaming Monitor, 3440 x 1440 VA 1500R Display, 1ms (MPRT) Response Time, 90% DCI-P3, VESA Display HDR400, FreeSync Premium, BLACK (G34WQC A-SA)",$379.99,4.4 out of 5 stars,"3,341",https://www.amazon.com/GIGABYTE-G34WQC-Ultra-Wide-Response-FreeSync/dp/B09JBLHBWJ/ref=sr_1_8?keywords=ultrawide+monitor&qid=1673875529&sr=8-8
"LG UltraWide QHD 34-Inch Curved Computer Monitor 34WQ73A-B, IPS with HDR 10 Compatibility, Built-In KVM, and USB Type-C, Black",$469.99,4.6 out of 5 stars,"3,731",https://www.amazon.com/LG-UltraWide-Computer-34WQ73A-B-Compatibility/dp/B0B924GWLJ/ref=sr_1_9?keywords=ultrawide+monitor&qid=1673875529&sr=8-9
"LG UltraWide FHD 34-Inch Computer Monitor 34WK650-W, IPS with HDR 10 Compatibility and AMD FreeSync, White",$299.99,4.6 out of 5 stars,"1,640",https://www.amazon.com/LG-32-Inch-Computer-32ML600M-B-Compatibility/dp/B078GSH1LV/ref=sr_1_10?keywords=ultrawide+monitor&qid=1673875529&sr=8-10
"LG 34WN650-W UltraWide Monitor 34"" 21:9 FHD (2560 x 1080) IPS Display, VESA DisplayHDR 400, AMD FreeSync, 3-Side Virtually Borderless Design - Silver",$249.99,4.6 out of 5 stars,"1,225",https://www.amazon.com/LG-34WN650-W-34-Inch-UltraWide-DisplayHDR/dp/B087JB656Q/ref=sr_1_11?keywords=ultrawide+monitor&qid=1673875529&sr=8-11
"Z-Edge 32-inch Curved Gaming Monitor 16:9 1920x1080 180Hz 1ms Frameless LED Gaming Monitor, AMD Freesync Premium Display Port HDMI Built-in Speakers",$239.99,4.5 out of 5 stars,183,https://www.amazon.com/gp/slredirect/picassoRedirect.html/ref=pa_sp_mtf_aps_sr_pg1_1?ie=UTF8&adId=A0462384OMN9UI8YHDYB&qualifier=1673875529&id=6549351466508216&widgetName=sp_mtf&url=%2FZ-Edge-32-inch-Curved-Gaming-Monitor%2Fdp%2FB08H5L51ZG%2Fref%3Dsr_1_12_sspa%3Fkeywords%3Dultrawide%2Bmonitor%26qid%3D1673875529%26sr%3D8-12-spons%26psc%3D1
"SAMSUNG 34-Inch Odyssey G5 Ultra-Wide Gaming Monitor with 1000R Curved Screen, 165Hz, 1ms, FreeSync Premium, WQHD (LC34G55TWWNXZA, 2020 Model), Black",$449.99,4.5 out of 5 stars,"7,276",https://www.amazon.com/SAMSUNG-34-Inch-Ultra-Wide-FreeSync-LC34G55TWWNXZA/dp/B08MVBYWGQ/ref=sr_1_13?keywords=ultrawide+monitor&qid=1673875529&sr=8-13
"LG UltraGear QHD 34-Inch Curved Gaming Monitor 34GP83A-B, Nano IPS 1ms (GtG) with VESA DisplayHDR 400, NVIDIA G-SYNC, and AMD FreeSync Premium, 144Hz, Black",$715.96,4.6 out of 5 stars,"1,981",https://www.amazon.com/LG-34GP83A-B-Inch-Ultragear-Compatibility/dp/B08DWD38VX/ref=sr_1_14?keywords=ultrawide+monitor&qid=1673875529&sr=8-14
"Sceptre 30-inch Curved Gaming Monitor 21:9 2560x1080 Ultra Wide/ Slim HDMI DisplayPort up to 200Hz Build-in Speakers, Metal Black (C305B-200UN1)",$249.40,4.6 out of 5 stars,"9,109",https://www.amazon.com/Sceptre-30-inch-Curved-Gaming-Monitor/dp/B07TXM7K4T/ref=sr_1_15?keywords=ultrawide+monitor&qid=1673875529&sr=8-15
MSI Full HD Rapid-IPS 1ms 2560 x 1080 Ultra Wide 200Hz Refresh Rate HDR Ready G-Sync Compatible 30” Gaming Monitor (Optix MAG301RF),$269.99,4.5 out of 5 stars,341,https://www.amazon.com/MSI-Rapid-IPS-Compatible-Optix-MAG301RF/dp/B096HVSTLG/ref=sr_1_16?keywords=ultrawide+monitor&qid=1673875529&sr=8-16
"Z-Edge UG32P 32-inch Curved Gaming Monitor 16:9 1920x1080 240Hz 1ms Frameless LED Gaming Monitor, AMD Freesync Premium Display Port HDMI Built-in Speakers",$269.99,4.3 out of 5 stars,273,https://www.amazon.com/gp/slredirect/picassoRedirect.html/ref=pa_sp_mtf_aps_sr_pg1_1?ie=UTF8&adId=A0989822VWE6CNFX19ZT&qualifier=1673875529&id=6549351466508216&widgetName=sp_mtf&url=%2FZ-Edge-32-inch-Curved-Gaming-Monitor%2Fdp%2FB08THS5LM6%2Fref%3Dsr_1_17_sspa%3Fkeywords%3Dultrawide%2Bmonitor%26qid%3D1673875529%26sr%3D8-17-spons%26psc%3D1
"PHILIPS 346E2CUAE 34"" Curved Frameless, UltraWide QHD 3440x1440,100Hz, 121% sRGB, 1ms MPRT, USB-C Charging, MultiView PIP/PBP, Height Adjustable, 4Yr Advance Replacement, Black",$397.66,4.5 out of 5 stars,297,https://www.amazon.com/346E2CUAE-Frameless-UltraWide-Adjustable-Replacement/dp/B08KFSMGJ8/ref=sr_1_18?keywords=ultrawide+monitor&qid=1673875529&sr=8-18
"AOC CU34G2X 34"" Curved Frameless Immersive Gaming Monitor, UltraWide QHD 3440x1440, VA Panel, 1ms 144Hz Adaptive-Sync, Height Adjustable, 3-Yr Zero Dead Pixels",$339.99,4.5 out of 5 stars,"2,098",https://www.amazon.com/AOC-CU34G2X-Frameless-Immersive-Adjustable/dp/B07ZB2TNZZ/ref=sr_1_19?keywords=ultrawide+monitor&qid=1673875529&sr=8-19
"SAMSUNG J791 Series 34-Inch Ultrawide QHD (3440x1440) Computer Monitor, 100Hz, Thunderbolt 3 Daisy Chain, QLED, HDMI, USB Hub, Height Adjustable Stand (LC34J791WTNXZA), White",$599.99,4.5 out of 5 stars,"1,617",https://www.amazon.com/Samsung-CJ791-Thunderbolt-Curved-Monitor/dp/B07CS3JB5K/ref=sr_1_20?keywords=ultrawide+monitor&qid=1673875529&sr=8-20
"Sceptre 34-Inch IPS UltraWide Monitor 3440 x 1440 up to 100Hz 99% sRGB PIP PBP Edgeless HDMI x3 DisplayPort Build-in Speakers, Blue Light Shift Height Adjustable Machine Black 2023 (E345W-QUT)",$279.97,4.2 out of 5 stars,22,https://www.amazon.com/Sceptre-UltraWide-DisplayPort-Adjustable-E345W-QUT/dp/B0BDPH2DS2/ref=sr_1_21?keywords=ultrawide+monitor&qid=1673875529&sr=8-21
SANSUI Monitor 27 inch FHD 1080p 75Hz USB Type-C Computer Monitor HDMI VGA Built-in Speakers Headphone Eye Care VESA Compatible for Home Office(ES-27F1 Type-C Cable & HDMI Cable Included),$109.99,4.3 out of 5 stars,40,https://www.amazon.com/gp/slredirect/picassoRedirect.html/ref=pa_sp_btf_aps_sr_pg1_1?ie=UTF8&adId=A07608512E2SV708GU1C2&qualifier=1673875529&id=6549351466508216&widgetName=sp_btf&url=%2FSANSUI-Computer-Headphone-Compatible-ES-27F1%2Fdp%2FB0B8RVH517%2Fref%3Dsr_1_22_sspa%3Fkeywords%3Dultrawide%2Bmonitor%26qid%3D1673875529%26sr%3D8-22-spons%26psc%3D1
